Rk,Player,Age,Team,Pos,G,GS,Att,Yds,TD,1D,Succ%,Lng,Y/A,Y/G,A/G,Fmb,Awards,-9999
1,Saquon Barkley,27,PHI,RB,16,16,345,2005,13,82,52.5,72,5.8,125.3,21.6,2,PBAP-1AP MVP-3AP OPoY-1AP CPoY-14,BarkSa00
2,Derrick Henry,30,BAL,RB,17,17,325,1921,16,94,58.8,87,5.9,113.0,19.1,3,PBAP-2AP OPoY-4,HenrDe00
3,Kyren Williams,24,LAR,RB,16,16,316,1299,14,85,50.9,30,4.1,81.2,19.8,5,AP OPoY-11,WillKy02
4,Bijan Robinson,22,ATL,RB,17,17,304,1456,14,82,60.2,37,4.8,85.6,17.9,1,PB,RobiBi01
5,Jonathan Taylor,25,IND,RB,14,13,303,1431,11,71,45.9,70,4.7,102.2,21.6,4,PBAP CPoY-19,TaylJo02
6,Josh Jacobs,26,GNB,RB,17,17,301,1329,15,73,52.2,38,4.4,78.2,17.7,4,PBAP OPoY-11,JacoJo01
7,Najee Harris,26,PIT,RB,17,17,263,1043,6,50,43.7,36,4.0,61.4,15.5,0,,HarrNa00
8,Tony Pollard,27,TEN,RB,16,16,260,1079,5,53,47.7,41,4.2,67.4,16.3,2,,PollTo00
9,Aaron Jones,30,MIN,RB,17,17,255,1138,5,49,49.8,41,4.5,66.9,15.0,5,,JoneAa00
10,D'Andre Swift,25,CHI,RB,17,17,253,959,6,43,43.9,56,3.8,56.4,14.9,2,,SwifDA00
11,Jahmyr Gibbs,22,DET,RB,17,4,250,1412,16,70,53.6,70,5.6,83.1,14.7,1,PBAP OPoY-8,GibbJa01
12,Chuba Hubbard,25,CAR,RB,15,15,250,1195,10,62,54.8,38,4.8,79.7,16.7,4,,HubbCh01
13,Joe Mixon,28,HOU,RB,14,14,245,1016,11,52,42.4,59,4.1,72.6,17.5,0,PB,MixoJo00
14,James Conner,29,ARI,RB,16,16,236,1094,8,67,51.7,53,4.6,68.4,14.8,4,,ConnJa00
15,Rico Dowdle,26,DAL,RB,16,15,235,1079,2,53,53.6,27,4.6,67.4,14.7,3,,DowdRi01
16,Chase Brown,24,CIN,RB,16,10,229,990,7,49,52.4,40,4.3,61.9,14.3,2,,BrowCh10
17,Alvin Kamara,29,NOR,RB,14,14,228,950,6,52,51.3,24,4.2,67.9,16.3,1,,KamaAl00
18,Breece Hall,23,NYJ,RB,16,16,209,876,5,40,46.4,42,4.2,54.8,13.1,6,,HallBr03
19,James Cook,25,BUF,RB,16,16,207,1009,16,48,53.1,65,4.9,63.1,12.9,1,PB,CookJa01
20,Bucky Irving,22,TAM,RB,17,3,207,1122,8,52,55.1,56,5.4,66.0,12.2,2,AP ORoY-6,IrviBu00
21,Rhamondre Stevenson,26,NWE,RB,15,14,207,801,7,40,50.2,33,3.9,53.4,13.8,7,,StevRh00
22,De'Von Achane,23,MIA,RB,17,16,203,907,6,37,49.3,61,4.5,53.4,11.9,1,,AchaDe00
23,Kareem Hunt,29,KAN,RB,13,8,200,728,7,42,55.5,20,3.6,56.0,15.4,0,,HuntKa00
24,J.K. Dobbins,26,LAC,RB,13,11,195,905,9,47,42.6,61,4.6,69.6,15.0,0,AP CPoY-2,DobbJK00
25,Tyrone Tracy Jr.,25,NYG,RB,17,12,192,839,5,39,44.3,45,4.4,49.4,11.3,5,,TracTy00
26,Brian Robinson Jr.,25,WAS,RB,14,13,187,799,8,47,48.7,40,4.3,57.1,13.4,2,,RobiBr01
27,David Montgomery,27,DET,RB,14,14,185,775,12,50,55.1,21,4.2,55.4,13.2,2,,MontDa01
28,Tank Bigsby,23,JAX,RB,16,1,168,766,7,39,49.4,65,4.6,47.9,10.5,4,,BigsTa00
29,Jordan Mason,25,SFO,RB,12,6,153,789,3,37,47.1,38,5.2,65.8,12.8,3,,MasoJo00
30,Kenneth Walker III,24,SEA,RB,11,11,153,573,7,28,44.4,28,3.7,52.1,13.9,1,,WalkKe00
31,Travis Etienne,25,JAX,RB,15,15,150,558,2,31,45.3,22,3.7,37.2,10.0,1,,EtieTr00
32,Jalen Hurts,26,PHI,QB,15,15,150,630,14,62,55.3,35,4.2,42.0,10.0,9,,HurtJa00
33,Jayden Daniels,24,WAS,QB,17,17,148,891,6,55,62.8,46,6.0,52.4,8.7,5,PBAP MVP-7AP OPoY-17AP ORoY-1,DaniJa02
34,Rachaad White,25,TAM,RB,16,15,144,613,3,35,50.7,56,4.3,38.3,9.0,3,,WhitRa01
35,Lamar Jackson,27,BAL,QB,17,17,139,915,4,47,56.1,48,6.6,53.8,8.2,10,PBAP-1AP MVP-2AP OPoY-2,JackLa00
36,Javonte Williams,24,DEN,RB,17,11,139,513,4,30,46.8,20,3.7,30.2,8.2,2,,WillJa10
37,Tyler Allgeier,24,ATL,RB,17,0,137,644,3,43,58.4,25,4.7,37.9,8.1,0,,AllgTy00
38,Zach Charbonnet,23,SEA,RB,17,6,135,569,8,32,47.4,51,4.2,33.5,7.9,0,,CharZa00
39,Alexander Mattison,26,LVR,RB,14,7,132,420,4,25,35.6,24,3.2,30.0,9.4,1,,MattAl01
40,Antonio Gibson,26,NWE,RB,17,3,120,538,1,24,45.0,45,4.5,31.6,7.1,2,,GibsAn00
41,Jaylen Warren,26,PIT,RB,15,0,120,511,1,28,50.0,22,4.3,34.1,8.0,2,,WarrJa01
42,Ray Davis,25,BUF,RB,17,0,113,442,3,25,45.1,23,3.9,26.0,6.6,0,,DaviRa04
43,Jaleel McLaughlin,24,DEN,RB,16,5,113,496,1,25,51.3,21,4.4,31.0,7.1,1,,McLaJa00
44,Devin Singletary,27,NYG,RB,15,5,113,437,4,24,47.8,43,3.9,29.1,7.5,2,,SingDe00
45,Jerome Ford,25,CLE,RB,14,6,104,565,3,25,47.1,66,5.4,40.4,7.4,0,,FordJe00
46,Cam Akers,25,2TM,RB,17,2,104,444,2,21,38.5,58,4.3,26.1,6.1,1,AP CPoY-19,AkerCa00
46,Cam Akers,25,HOU,RB,5,2,40,147,1,5,30.0,15,3.7,29.4,8.0,1,,AkerCa00
46,Cam Akers,25,MIN,RB,12,0,64,297,1,16,43.8,58,4.6,24.8,5.3,0,,AkerCa00
47,Emanuel Wilson,25,GNB,RB,17,0,103,502,4,27,59.2,21,4.9,29.5,6.1,0,,WilsEm00
48,Josh Allen,28,BUF,QB,17,17,102,531,12,52,64.7,30,5.2,31.2,6.0,5,PBAP-2AP MVP-1AP OPoY-6,AlleJo02
49,Nick Chubb,29,CLE,RB,8,8,102,332,3,17,41.2,19,3.3,41.5,12.8,1,AP CPoY-8,ChubNi00
50,Gus Edwards,29,LAC,RB,11,6,101,365,4,17,49.5,43,3.6,33.2,9.2,0,,EdwaGu00
51,Braelon Allen,20,NYJ,RB,17,2,92,334,2,22,51.1,20,3.6,19.6,5.4,0,,AlleBr05
52,Bo Nix,24,DEN,QB,17,17,92,430,4,41,53.3,32,4.7,25.3,5.4,3,AP ORoY-3,NixxBo00
53,Anthony Richardson,22,IND,QB,11,11,86,499,6,34,58.1,29,5.8,45.4,7.8,9,AP CPoY-25,RichAn03
54,Raheem Mostert,32,MIA,RB,13,1,85,278,2,13,37.6,21,3.3,21.4,6.5,2,,MostRa00
55,Isaac Guerendo,24,SFO,RB,16,3,84,420,4,18,47.6,76,5.0,26.3,5.3,3,,GuerIs00
56,Tyjae Spears,23,TEN,RB,12,1,84,312,4,19,46.4,23,3.7,26.0,7.0,1,,SpeaTy00
57,Isiah Pacheco,25,KAN,RB,7,6,83,310,1,14,53.0,34,3.7,44.3,11.9,0,,PachIs00
58,Caleb Williams,23,CHI,QB,17,17,81,489,0,27,51.9,24,6.0,28.8,4.8,10,AP ORoY-10,WillCa03
59,Kyler Murray,27,ARI,QB,17,17,78,572,5,27,52.6,50,7.3,33.6,4.6,8,AP CPoY-10,MurrKy00
60,Austin Ekeler,29,WAS,RB,12,6,77,367,4,19,51.9,50,4.8,30.6,6.4,3,AP-2,EkelAu00
61,Audric Estime,21,DEN,RB,13,1,76,310,2,15,51.3,21,4.1,23.8,5.8,2,,EstiAu00
62,Kenneth Gainwell,25,PHI,RB,17,1,75,290,1,12,24.0,20,3.9,17.1,4.4,0,,GainKe00
63,Ezekiel Elliott,29,DAL,RB,15,2,74,226,3,14,43.2,11,3.1,15.1,4.9,1,,ElliEz00
64,Zack Moss,27,CIN,RB,8,6,74,242,2,13,36.5,16,3.3,30.3,9.3,2,,MossZa00
65,D'Onta Foreman,28,CLE,RB,11,3,71,232,0,10,39.4,25,3.3,21.1,6.5,2,,ForeDO00
66,Justin Herbert,26,LAC,QB,17,17,69,306,2,23,46.4,41,4.4,18.0,4.1,6,AP MVP-9AP CPoY-12,HerbJu00
67,Jaylen Wright,21,MIA,RB,15,1,68,249,0,11,39.7,20,3.7,16.6,4.5,1,,WrigJa04
68,Sam Darnold,27,MIN,QB,17,17,67,212,1,23,41.8,19,3.2,12.5,3.9,8,PBAP MVP-10AP CPoY-3,DarnSa00
69,Daniel Jones,27,NYG,QB,10,10,67,265,2,26,59.7,24,4.0,26.5,6.7,4,,JoneDa05
70,Ameer Abdullah,31,LVR,RB,16,3,66,311,2,14,50.0,40,4.7,19.4,4.1,2,,AbduAm00
71,Brock Purdy,25,SFO,QB,15,15,66,323,5,33,63.6,16,4.9,21.5,4.4,7,,PurdBr00
72,Zamir White,25,LVR,RB,8,5,65,183,1,4,26.2,17,2.8,22.9,8.1,2,,WhitZa01
73,Trey Benson,21,ARI,RB,13,1,63,291,1,16,49.2,20,4.6,22.4,4.8,1,,BensTr01
74,Justin Fields,25,PIT,QB,10,6,62,289,5,19,54.8,30,4.7,28.9,6.2,6,,FielJu00
75,Baker Mayfield,29,TAM,QB,17,17,60,378,3,24,51.7,28,6.3,22.2,3.5,13,PBAP MVP-11AP OPoY-11,MayfBa00
76,Blake Corum,24,LAR,RB,17,1,58,207,0,12,43.1,12,3.6,12.2,3.4,0,,CoruBl00
77,Patrick Mahomes,29,KAN,QB,16,16,58,307,2,22,50.0,33,5.3,19.2,3.6,2,AP MVP-6AP OPoY-17,MahoPa00
78,Ty Chandler,26,MIN,RB,17,0,56,182,0,9,37.5,25,3.3,10.7,3.3,0,,ChanTy01
79,Trey Sermon,25,IND,RB,17,3,56,159,2,14,44.6,17,2.8,9.4,3.3,0,,SermTr00
80,Carson Steele,22,KAN,RB,17,3,56,183,0,14,55.4,9,3.3,10.8,3.3,3,,SteeCa00
81,Roschon Johnson,23,CHI,RB,14,0,55,150,6,17,56.4,9,2.7,10.7,3.9,0,,JohnRo07
82,Jeremy McNichols,29,WAS,RB,17,1,55,261,4,15,58.2,28,4.7,15.4,3.2,0,,McNiJe00
83,Miles Sanders,27,CAR,RB,11,2,55,205,2,12,45.5,26,3.7,18.6,5.0,1,,SandMi01
84,Drake Maye,22,NWE,QB,13,12,54,421,2,22,64.8,41,7.8,32.4,4.2,9,PBAP ORoY-8,MayeDr00
85,Geno Smith,34,SEA,QB,17,17,53,272,2,17,35.8,34,5.1,16.0,3.1,9,,SmitGe00
86,C.J. Stroud,23,HOU,QB,17,17,52,233,0,14,38.5,25,4.5,13.7,3.1,6,,StroCJ00
87,Christian McCaffrey,28,SFO,RB,4,4,50,202,0,12,44.0,19,4.0,50.5,12.5,1,,McCaCh01
88,Sean Tucker,23,TAM,RB,17,0,50,308,2,17,56.0,36,6.2,18.1,2.9,1,,TuckSe00
89,Jamaal Williams,29,NOR,RB,14,1,48,164,1,11,47.9,14,3.4,11.7,3.4,0,,WillJa06
90,Justice Hill,27,BAL,RB,15,0,47,228,1,14,44.7,51,4.9,15.2,3.1,0,,HillJu00
91,Will Levis,25,TEN,QB,12,12,45,183,0,20,48.9,21,4.1,15.3,3.8,10,,LeviWi00
92,Kimani Vidal,23,LAC,RB,10,0,43,155,0,7,32.6,19,3.6,15.5,4.3,1,,VidaKi00
93,Russell Wilson,36,PIT,QB,11,11,43,155,2,16,46.5,19,3.6,14.1,3.9,5,PBAP CPoY-14,WilsRu00
94,Bryce Young,23,CAR,QB,14,12,43,249,6,15,53.5,34,5.8,17.8,3.1,5,,YounBr01
95,Joe Burrow,28,CIN,QB,17,17,42,201,2,16,47.6,47,4.8,11.8,2.5,11,PBAP MVP-4AP OPoY-5AP CPoY-1,BurrJo01
96,Deebo Samuel,28,SFO,WR,15,15,42,136,1,5,45.2,13,3.2,9.1,2.8,2,,SamuDe00
97,Ty Johnson,27,BUF,RB,17,1,41,213,1,13,65.9,19,5.2,12.5,2.4,0,,JohnTy02
98,Dameon Pierce,24,HOU,RB,11,0,40,293,2,7,42.5,92,7.3,26.6,3.6,1,,PierDa01
99,Taysom Hill,34,NOR,TE,8,8,39,278,6,18,64.1,75,7.1,34.8,4.9,1,,HillTa00
100,Sincere McCormick,24,LVR,RB,5,2,39,183,0,10,53.8,29,4.7,36.6,7.8,0,,McCoSi00
101,Kendre Miller,22,NOR,RB,6,2,39,148,1,11,48.7,17,3.8,24.7,6.5,0,,MillKe01
102,Patrick Taylor,26,SFO,RB,13,1,39,183,1,11,53.8,29,4.7,14.1,3.0,0,,TaylPa01
103,Chris Brooks,24,GNB,RB,15,0,36,183,1,12,55.6,23,5.1,12.2,2.4,0,,BrooCh00
104,Khalil Herbert,26,2TM,RB,14,1,36,130,1,10,55.6,14,3.6,9.3,2.6,1,,HerbKh00
104,Khalil Herbert,26,CHI,RB,6,0,8,16,1,3,62.5,6,2.0,2.7,1.3,0,,HerbKh00
104,Khalil Herbert,26,CIN,RB,8,1,28,114,0,7,53.6,14,4.1,14.3,3.5,1,,HerbKh00
105,Michael Carter,25,ARI,RB,3,1,35,131,1,9,57.1,13,3.7,43.7,11.7,0,,CartMi03
106,Jared Goff,30,DET,QB,17,17,35,56,0,9,34.3,10,1.6,3.3,2.1,6,PBAP MVP-5AP OPoY-9,GoffJa00
107,Chris Rodriguez,24,WAS,RB,9,0,35,173,2,10,74.3,25,4.9,19.2,3.9,0,,RodrCh00
108,Hassan Haskins,25,LAC,RB,17,0,34,89,2,13,50.0,12,2.6,5.2,2.0,1,,HaskHa00
109,Tyler Goodson,24,IND,RB,16,0,32,153,1,6,46.9,33,4.8,9.6,2.0,0,,GoodTy00
110,D'Ernest Johnson,28,JAX,RB,14,1,32,143,0,7,50.0,22,4.5,10.2,2.3,0,,JohnDE04
111,Cordarrelle Patterson,33,PIT,RB,13,1,32,135,0,7,43.8,14,4.2,10.4,2.5,1,,PattCo00
112,Kenny McIntosh,24,SEA,RB,17,0,31,172,0,8,51.6,25,5.5,10.1,1.8,0,,McInKe00
113,Craig Reynolds,28,DET,RB,17,0,31,139,0,6,54.8,19,4.5,8.2,1.8,1,,ReynCr00
114,Deshaun Watson,29,CLE,QB,7,7,31,148,1,8,41.9,16,4.8,21.1,4.4,5,,WatsDe00
115,Isaiah Davis,22,NYJ,RB,17,0,30,174,1,10,63.3,20,5.8,10.2,1.8,0,,DaviIs00
116,Dare Ogunbowale,30,HOU,RB,17,1,30,112,0,5,36.7,35,3.7,6.6,1.8,0,,OgunDa00
117,Will Shipley,22,PHI,RB,16,1,30,82,0,2,26.7,9,2.7,5.1,1.9,0,,ShipWi00
118,Matthew Stafford,36,LAR,QB,16,16,30,41,0,10,36.7,15,1.4,2.6,1.9,6,,StafMa00
119,Mac Jones,26,JAX,QB,10,7,28,92,1,12,50.0,13,3.3,9.2,2.8,2,,JoneMa05
120,Tyler Huntley,26,MIA,QB,5,5,26,135,2,10,50.0,20,5.2,27.0,5.2,6,,HuntTy01
121,Trevor Lawrence,25,JAX,QB,10,10,26,119,3,13,57.7,33,4.6,11.9,2.6,3,,LawrTr00
122,Cooper Rush,31,DAL,QB,12,8,26,18,0,5,26.9,9,0.7,1.5,2.2,9,,RushCo00
123,Pierre Strong,26,CLE,RB,14,0,26,108,0,6,46.2,19,4.2,7.7,1.9,0,,StroPi00
124,Jordan Love,26,GNB,QB,15,15,25,83,1,9,44.0,14,3.3,5.5,1.7,4,,LoveJo03
125,Mason Rudolph,29,TEN,QB,8,5,25,106,1,13,60.0,14,4.2,13.3,3.1,5,,RudoMa00
126,Jameis Winston,30,CLE,QB,12,7,25,83,1,17,76.0,13,3.3,6.9,2.1,5,,WinsJa00
127,Emari Demercado,25,ARI,RB,13,0,24,223,1,8,50.0,53,9.3,17.2,1.8,0,,DemeEm00
128,Kirk Cousins,36,ATL,QB,14,14,23,0,0,2,13.0,,0.0,0.0,1.6,13,AP CPoY-13,CousKi00
129,Julius Chestnut,24,TEN,RB,17,0,22,102,0,2,45.5,12,4.6,6.0,1.3,0,,ChesJu00
130,Ronnie Rivers,25,LAR,RB,17,0,22,99,0,6,54.5,12,4.5,5.8,1.3,0,,RiveRo01
131,Aaron Rodgers,41,NYJ,QB,17,17,22,107,0,7,40.9,18,4.9,6.3,1.3,5,AP CPoY-7,RodgAa00
132,Aidan O'Connell,26,LVR,QB,9,7,21,30,1,10,52.4,13,1.4,3.3,2.3,2,,OConAi00
133,Dorian Thompson-Robinson,25,CLE,QB,7,2,21,122,0,9,61.9,34,5.8,17.4,3.0,3,,ThomDo02
134,Jamycal Hasty,28,NWE,RB,15,0,20,69,0,4,45.0,15,3.5,4.6,1.3,0,,HastJa02
135,Jordan Mims,25,NOR,RB,11,0,20,70,0,2,40.0,9,3.5,6.4,1.8,0,,MimsJo00
136,Samaje Perine,29,KAN,RB,17,0,20,92,1,7,55.0,13,4.6,5.4,1.2,0,,PeriSa00
137,Jayden Reed,24,GNB,WR,17,10,20,163,1,7,65.0,33,8.2,9.6,1.2,3,,ReedJa03
138,Malik Willis,25,GNB,QB,7,2,20,138,1,6,50.0,29,6.9,19.7,2.9,1,,WillMa12
139,Xavier Worthy,21,KAN,WR,17,13,20,104,3,4,75.0,21,5.2,6.1,1.2,0,,WortXa00
140,Gardner Minshew II,28,LVR,QB,10,9,19,58,0,5,36.8,11,3.1,5.8,1.9,6,,MinsGa00
141,Drew Lock,28,NYG,QB,8,5,18,133,2,9,50.0,28,7.4,16.6,2.3,5,,LockDr00
142,Marcus Mariota,31,WAS,QB,3,0,18,92,1,6,50.0,33,5.1,30.7,6.0,0,,MariMa01
143,Spencer Rattler,24,NOR,QB,7,6,18,146,0,7,72.2,28,8.1,20.9,2.6,5,,RattSp00
144,Derek Carr,33,NOR,QB,10,10,17,71,1,4,52.9,13,4.2,7.1,1.7,3,,CarrDe02
145,Tua Tagovailoa,26,MIA,QB,11,11,17,49,0,5,41.2,13,2.9,4.5,1.5,7,,TagoTu00
146,Mitchell Trubisky,30,BUF,QB,9,0,17,1,0,1,11.8,8,0.1,0.1,1.9,1,,TrubMi00
147,Deuce Vaughn,23,DAL,RB,7,0,17,70,0,2,41.2,12,4.1,10.0,2.4,0,,VaugDe00
148,KaVontae Turpin,28,DAL,WR,17,2,16,92,0,6,56.3,16,5.8,5.4,0.9,3,PBAP-1,TurpKa00
149,Jeff Wilson,29,MIA,RB,9,0,16,57,0,3,43.8,14,3.6,6.3,1.8,0,,WilsJe01
150,Raheem Blackshear,25,CAR,RB,16,1,15,80,0,2,46.7,26,5.3,5.0,0.9,2,,BlacRa00
151,Jacoby Brissett,32,NWE,QB,8,5,15,62,0,5,53.3,16,4.1,7.8,1.9,4,,BrisJa00
152,Keaton Mitchell,22,BAL,RB,5,0,15,30,0,2,40.0,7,2.0,6.0,3.0,0,,MitcKe01
153,Eric Gray,25,NYG,RB,17,0,14,31,0,1,28.6,6,2.2,1.8,0.8,3,,GrayEr01
154,CeeDee Lamb,25,DAL,WR,15,15,14,70,0,4,42.9,18,5.0,4.7,0.9,1,PBAP-2,LambCe00
155,D.J. Moore,27,CHI,WR,17,17,14,75,0,3,71.4,14,5.4,4.4,0.8,1,,MoorD.00
156,Mike Boone,29,CAR,RB,6,0,13,51,0,3,61.5,9,3.9,8.5,2.2,0,,BoonMi00
157,Clyde Edwards-Helaire,25,NOR,RB,2,0,13,46,0,2,46.2,12,3.5,23.0,6.5,0,,EdwaCl00
158,Terrell Jennings,23,NWE,RB,3,0,13,33,0,0,23.1,7,2.5,11.0,4.3,0,,JennTe00
159,Jase McClellan,22,ATL,RB,2,0,13,32,0,2,46.2,8,2.5,16.0,6.5,0,,McClJa05
160,Marvin Mims,22,DEN,WR,17,2,13,42,0,3,38.5,17,3.2,2.5,0.8,1,PBAP-1,MimsMa00
161,Dak Prescott,31,DAL,QB,8,8,13,54,1,5,61.5,22,4.2,6.8,1.6,4,,PresDa01
162,Derius Davis,24,LAC,WR,15,2,12,39,0,2,50.0,10,3.3,2.6,0.8,3,,DaviDe02
163,Hunter Luepke,24,DAL,RB,16,4,12,38,0,6,50.0,10,3.2,2.4,0.8,0,,LuepHu00
164,Tyler Badie,24,DEN,RB,3,0,11,86,0,4,54.5,43,7.8,28.7,3.7,1,,BadiTy00
165,Andy Dalton,37,CAR,QB,6,5,11,34,0,2,36.4,18,3.1,5.7,1.8,2,,DaltAn00
166,Jake Haener,25,NOR,QB,8,1,11,22,0,0,18.2,9,2.0,2.8,1.4,0,,HaenJa00
167,Trey Lance,24,DAL,QB,4,1,11,41,0,3,45.5,11,3.7,10.3,2.8,0,,LancTr00
168,Puka Nacua,23,LAR,WR,11,11,11,46,1,2,63.6,9,4.2,4.2,1.0,0,,NacuPu00
169,Jameson Williams,23,DET,WR,15,11,11,61,1,5,63.6,15,5.5,4.1,0.7,0,AP CPoY-19,WillJa11
170,Rasheen Ali,23,BAL,RB,6,0,10,31,0,2,40.0,9,3.1,5.2,1.7,0,,AlixRa00
171,Alec Ingold,28,MIA,FB,15,10,10,17,1,6,60.0,6,1.7,1.1,0.7,2,,IngoAl01
172,Ray-Ray McCloud,28,ATL,WR,17,13,10,79,0,3,60.0,20,7.9,4.6,0.6,4,,McClRa00
173,Joe Milton,24,NWE,QB,1,0,10,16,1,4,50.0,9,1.6,16.0,10.0,1,,MiltJo00
174,J.J. Taylor,26,HOU,RB,5,0,10,44,0,1,50.0,9,4.4,8.8,2.0,0,,TaylJJ01
175,Jonathon Brooks,21,CAR,RB,3,1,9,22,0,0,33.3,9,2.4,7.3,3.0,0,,BrooJo02
176,DeeJay Dallas,26,ARI,RB,17,0,9,49,0,4,66.7,22,5.4,2.9,0.5,1,,DallDe00
177,Tank Dell,25,HOU,WR,14,10,9,43,0,3,33.3,18,4.8,3.1,0.6,0,,DellNa00
178,Joshua Dobbs,29,SFO,QB,2,1,9,24,2,2,33.3,8,2.7,12.0,4.5,2,,DobbJo00
179,Joe Flacco,39,IND,QB,8,6,9,26,0,2,22.2,21,2.9,3.3,1.1,4,,FlacJo00
180,Zay Flowers,24,BAL,WR,17,15,9,56,0,1,55.6,19,6.2,3.3,0.5,0,PB,FlowZa00
181,Kenny Pickett,26,PHI,QB,5,1,9,15,1,3,33.3,8,1.7,3.0,1.8,1,,PickKe00
182,Desmond Ridder,25,LVR,QB,6,1,9,36,0,2,44.4,11,4.0,6.0,1.5,3,,RiddDe00
183,Tre Tucker,23,LVR,WR,17,14,9,44,1,3,66.7,11,4.9,2.6,0.5,0,,TuckTr00
184,Dalvin Cook,29,DAL,RB,2,0,8,20,0,0,37.5,4,2.5,10.0,4.0,0,,CookDa01
185,Tommy DeVito,26,NYG,QB,3,2,8,32,0,1,25.0,17,4.0,10.7,2.7,0,,DeViTo00
186,Tyreek Hill,30,MIA,WR,17,17,8,53,0,2,62.5,16,6.6,3.1,0.5,0,,HillTy00
187,Bo Melton,25,GNB,WR,17,0,8,54,0,4,62.5,16,6.8,3.2,0.5,0,,MeltBo00
188,Calvin Ridley,30,TEN,WR,17,14,8,55,1,3,75.0,19,6.9,3.2,0.5,1,,RidlCa00
189,Sterling Shepard,31,TAM,WR,14,5,8,69,0,4,62.5,24,8.6,4.9,0.6,0,,ShepSt00
190,Michael Burton,32,DEN,FB,17,2,7,8,1,3,57.1,3,1.1,0.5,0.4,0,,BurtMi00
191,Michael Penix,24,ATL,QB,5,3,7,11,1,1,14.3,5,1.6,2.2,1.4,2,,PeniMi00
192,Clayton Tune,25,ARI,QB,6,0,7,-4,0,2,28.6,2,-0.6,-0.7,1.2,1,,TuneCl00
193,Tyson Bagent,24,CHI,QB,4,0,6,-7,0,0,0.0,,-1.2,-1.8,1.5,0,,BageTy00
194,Travis Homer,26,CHI,RB,10,0,6,23,0,2,66.7,6,3.8,2.3,0.6,0,,HomeTr00
195,Jermar Jefferson,24,DET,RB,2,0,6,22,0,1,83.3,8,3.7,11.0,3.0,0,,JeffJe00
196,Xavier Legette,23,CAR,WR,16,13,6,24,0,2,50.0,8,4.0,1.5,0.4,0,,LegeXa00
197,MarShawn Lloyd,23,GNB,RB,1,0,6,15,0,0,16.7,5,2.5,15.0,6.0,0,,LloyMa00
198,Rashid Shaheed,26,NOR,WR,6,5,6,29,0,2,50.0,13,4.8,4.8,1.0,1,,ShahRa00
199,Aaron Shampklin,25,PIT,RB,3,0,6,17,0,1,16.7,5,2.8,5.7,2.0,0,,ShamAa00
200,Brian Thomas,22,JAX,WR,17,16,6,48,0,3,66.7,18,8.0,2.8,0.4,0,PBAP ORoY-4,ThomBr06
201,Sione Vaki,23,DET,RB,16,0,6,14,0,0,33.3,7,2.3,0.9,0.4,0,,VakiSi00
202,Brock Bowers,22,LVR,TE,17,16,5,13,0,2,60.0,12,2.6,0.8,0.3,0,PBAP-1AP ORoY-2,BoweBr01
203,Chris Collier,24,LVR,RB,3,0,5,12,0,0,20.0,4,2.4,4.0,1.7,0,,CollCh01
204,Greg Dortch,26,ARI,WR,17,4,5,31,0,1,100.0,8,6.2,1.8,0.3,3,,DortGr01
205,Ashton Dulin,27,IND,WR,15,2,5,45,0,2,100.0,12,9.0,3.0,0.3,0,,DuliAs00
206,Mecole Hardman,26,KAN,WR,12,0,5,62,1,2,100.0,20,12.4,5.2,0.4,0,,HardMe00
207,Hendon Hooker,26,DET,QB,3,0,5,2,0,1,20.0,3,0.4,0.7,1.7,0,,HookHe00
208,Kyle Juszczyk,33,SFO,FB,17,15,5,26,1,1,20.0,14,5.2,1.5,0.3,1,PBAP-2,JuszKy00
209,Jacob Kibodi,26,CLE,RB,1,0,5,24,0,1,20.0,17,4.8,24.0,5.0,0,,KiboJa00
210,Tanner McKee,24,PHI,QB,2,1,5,-1,0,1,20.0,2,-0.2,-0.5,2.5,0,,McKeTa01
211,Malik Nabers,21,NYG,WR,15,13,5,2,0,1,40.0,4,0.4,0.1,0.3,1,PBAP ORoY-5,NabeMa00
212,Curtis Samuel,28,BUF,WR,14,2,5,14,0,0,40.0,7,2.8,1.0,0.4,0,,SamuCu00
213,Jaxon Smith-Njigba,22,SEA,WR,17,16,5,26,0,1,60.0,8,5.2,1.5,0.3,1,PB,SmitJa06
214,Kyle Trask,26,TAM,QB,4,0,5,-4,0,0,0.0,,-0.8,-1.0,1.3,0,,TrasKy00
215,DJ Turner,27,LVR,WR,12,6,5,33,1,1,60.0,18,6.6,2.8,0.4,1,,TurnDJ00
216,Jonathan Ward,27,PIT,RB,4,0,5,22,0,1,60.0,7,4.4,5.5,1.3,0,,WardJo00
217,Malik Washington,23,MIA,WR,14,3,5,25,1,1,60.0,18,5.0,1.8,0.4,1,,WashMa00
218,Mark Andrews,29,BAL,TE,17,13,4,5,0,3,75.0,2,1.3,0.3,0.2,0,AP CPoY-19,AndrMa00
219,Devin Duvernay,27,JAX,WR,13,1,4,3,0,1,50.0,4,0.8,0.2,0.3,1,,DuveDe00
220,Josh Johnson,38,BAL,QB,6,0,4,1,0,0,0.0,2,0.3,0.2,0.7,0,,JohnJo05
221,Tony Jones,27,ARI,RB,1,0,4,55,1,1,50.0,46,13.8,55.0,4.0,0,,JoneTo04
222,Jalen McMillan,23,TAM,WR,13,12,4,43,0,3,100.0,17,10.8,3.3,0.3,0,,McMiJa01
223,Adonai Mitchell,22,IND,WR,17,7,4,6,0,1,50.0,10,1.5,0.4,0.2,2,,MitcAd00
224,Xavier Smith,27,LAR,WR,15,0,4,36,0,1,75.0,24,9.0,2.4,0.3,0,,SmitXa00
225,Jarrett Stidham,28,DEN,QB,3,0,4,5,0,1,25.0,8,1.3,1.7,1.3,0,,StidJa00
226,Jaylen Waddle,26,MIA,WR,15,15,4,12,0,1,75.0,6,3.0,0.8,0.3,0,,WaddJa00
227,Blake Watson,25,DEN,RB,2,0,4,10,0,2,75.0,7,2.5,5.0,2.0,0,,WatsBl00
228,Christian Watson,25,GNB,WR,15,15,4,23,0,1,75.0,14,5.8,1.5,0.3,1,,WatsCh00
229,Jordan Addison,22,MIN,WR,15,15,3,20,1,1,100.0,9,6.7,1.3,0.2,0,,AddiJo00
230,Brandon Allen,32,SFO,QB,3,1,3,4,0,0,0.0,6,1.3,1.3,1.0,2,,AlleBr00
231,Dyami Brown,25,WAS,WR,16,3,3,26,0,1,100.0,14,8.7,1.6,0.2,1,,BrowDy00
232,Ja'Marr Chase,24,CIN,WR,17,16,3,32,0,2,100.0,14,10.7,1.9,0.2,0,PBAP-1AP MVP-8AP OPoY-3,ChasJa00
233,Brandin Cooks,31,DAL,WR,10,9,3,-3,0,0,33.3,5,-1.0,-0.3,0.3,0,,CookBr00
234,Tyrion Davis-Price,24,PHI,RB,1,0,3,7,0,0,0.0,5,2.3,7.0,3.0,0,,DaviTy03
235,Stefon Diggs,31,HOU,WR,8,8,3,8,1,1,66.7,6,2.7,1.0,0.4,0,,DiggSt00
236,Demario Douglas,24,NWE,WR,17,7,3,16,0,0,66.7,9,5.3,0.9,0.2,1,,DougDe00
237,Darrynton Evans,26,CHI,RB,5,0,3,3,0,0,33.3,4,1.0,0.6,0.6,0,,EvanDa02
238,Myles Gaskin,27,MIN,RB,5,0,3,-1,0,0,0.0,2,-0.3,-0.2,0.6,0,,GaskMy00
239,Reggie Gilliam,27,BUF,FB,15,0,3,7,0,1,33.3,4,2.3,0.5,0.2,0,,GillRe00
240,George Holani,25,SEA,RB,5,0,3,10,0,1,66.7,8,3.3,2.0,0.6,0,,HolaGe00
241,Quentin Johnston,23,LAC,WR,15,11,3,6,0,0,33.3,4,2.0,0.4,0.2,0,,JohnQu02
242,Tucker Kraft,24,GNB,TE,17,17,3,6,0,3,100.0,2,2.0,0.4,0.2,1,,KrafTu00
243,Davis Mills,26,HOU,QB,4,0,3,11,0,1,66.7,9,3.7,2.8,0.8,0,,MillDa02
244,Nick Mullens,29,MIN,QB,4,0,3,-2,0,0,0.0,,-0.7,-0.5,0.8,0,,MullNi00
245,Jalen Nailor,25,MIN,WR,17,7,3,-4,0,1,33.3,3,-1.3,-0.2,0.2,1,,NailJa00
246,Rome Odunze,22,CHI,WR,17,12,3,15,0,1,66.7,8,5.0,0.9,0.2,2,,OdunRo00
247,Ricky Pearsall,24,SFO,WR,11,4,3,45,0,1,66.7,39,15.0,4.1,0.3,0,,PearRi00
248,Jalen Reagor,25,LAC,WR,8,2,3,-3,0,0,0.0,1,-1.0,-0.4,0.4,1,,ReagJa00
249,Wan'Dale Robinson,23,NYG,WR,17,7,3,18,0,1,33.3,14,6.0,1.1,0.2,0,,RobiWa01
250,Tyrod Taylor,35,NYJ,QB,2,0,3,13,0,0,66.7,7,4.3,6.5,1.5,1,,TaylTy00
251,Carson Wentz,32,KAN,QB,3,1,3,0,0,0,0.0,,0.0,0.0,1.0,0,,WentCa00
252,Tim Boyle,30,2TM,QB,3,0,3,9,0,1,66.7,6,3.0,3.0,1.0,0,,BoylTi00
252,Tim Boyle,30,MIA,QB,2,0,2,10,0,1,100.0,6,5.0,5.0,1.0,0,,BoylTi00
252,Tim Boyle,30,NYG,QB,1,0,1,-1,0,0,0.0,-1,-1.0,-1.0,1.0,0,,BoylTi00
253,Velus Jones Jr.,27,2TM,WR,3,0,3,11,0,1,66.7,6,3.7,3.7,1.0,1,,JoneVe00
253,Velus Jones Jr.,27,CHI,WR,1,0,2,11,0,1,100.0,6,5.5,11.0,2.0,1,,JoneVe00
253,Velus Jones Jr.,27,CAR,WR,2,0,1,0,0,0,0.0,,0.0,0.0,0.5,0,,JoneVe00
254,Tutu Atwell,25,LAR,WR,17,5,2,7,0,0,50.0,7,3.5,0.4,0.1,0,,AtweTu00
255,Jake Browning,28,CIN,QB,3,0,2,-2,0,0,0.0,,-1.0,-0.7,0.7,0,,BrowJa08
256,Treylon Burks,24,TEN,WR,5,2,2,1,0,0,50.0,6,0.5,0.2,0.4,0,,BurkTr00
257,Malachi Corley,22,NYJ,WR,9,1,2,26,0,1,100.0,18,13.0,2.9,0.2,1,,CorlMa00
258,Troy Franklin,21,DEN,WR,16,6,2,8,0,0,50.0,5,4.0,0.5,0.1,0,,FranTr00
259,Jimmy Garoppolo,33,LAR,QB,1,1,2,5,0,0,50.0,5,2.5,5.0,2.0,0,,GaroJi00
260,C.J. Ham,31,MIN,FB,17,3,2,10,1,1,100.0,8,5.0,0.6,0.1,1,,HamxC.00
261,Taylor Heinicke,31,LAC,QB,4,0,2,20,0,1,50.0,12,10.0,5.0,0.5,0,,HeinTa00
262,Diontae Johnson,28,3TM,WR,12,8,2,6,0,1,50.0,4,3.0,0.5,0.2,0,,JohnDi01
262,Diontae Johnson,28,CAR,WR,7,7,2,6,0,1,50.0,4,3.0,0.9,0.3,0,,JohnDi01
262,Diontae Johnson,28,BAL,WR,4,1,0,0,0,0,,,,0.0,0.0,0,,JohnDi01
262,Diontae Johnson,28,HOU,WR,1,0,0,0,0,0,,,,0.0,0.0,0,,JohnDi01
263,Kameron Johnson,22,TAM,WR,5,0,2,11,0,1,50.0,11,5.5,2.2,0.4,0,,JohnKa01
264,Cooper Kupp,31,LAR,WR,12,11,2,10,0,1,50.0,9,5.0,0.8,0.2,1,,KuppCo00
265,Tyreik McAllister,26,LVR,WR,3,0,2,11,0,1,50.0,10,5.5,3.7,0.7,0,,McAlTy00
266,Terry McLaurin,29,WAS,WR,17,17,2,2,0,0,0.0,2,1.0,0.1,0.1,1,PBAP-2,McLaTe00
267,Jakobi Meyers,28,LVR,WR,15,15,2,23,0,1,50.0,20,11.5,1.5,0.1,0,,MeyeJa01
268,Jonathan Mingo,23,2TM,WR,17,6,2,5,0,0,0.0,3,2.5,0.3,0.1,1,,MingJo00
268,Jonathan Mingo,23,CAR,WR,9,5,2,5,0,0,0.0,3,2.5,0.6,0.2,1,,MingJo00
268,Jonathan Mingo,23,DAL,WR,8,1,0,0,0,0,,,,0.0,0.0,0,,MingJo00
269,George Pickens,23,PIT,WR,14,12,2,-6,0,0,50.0,4,-3.0,-0.4,0.1,1,,PickGe00
270,Kalif Raymond,30,DET,WR,12,2,2,0,0,1,50.0,,0.0,0.0,0.2,0,AP-2,RaymKa00
271,Khalil Shakir,24,BUF,WR,15,9,2,4,0,0,0.0,2,2.0,0.3,0.1,1,,ShakKh00
272,Darius Slayton,27,NYG,WR,16,13,2,17,0,1,100.0,11,8.5,1.1,0.1,1,,SlayDa01
273,Ainias Smith,23,PHI,WR,7,1,2,6,0,1,50.0,4,3.0,0.9,0.3,0,,SmitAi00
274,Jonnu Smith,29,MIA,TE,17,6,2,-1,0,0,0.0,,-0.5,-0.1,0.1,2,PB,SmitJo01
275,Amon-Ra St. Brown,25,DET,WR,17,17,2,6,0,1,50.0,10,3.0,0.4,0.1,1,PBAP-1AP OPoY-11,StxxAm00
276,Deven Thompkins,25,CAR,WR,7,0,2,7,0,0,50.0,9,3.5,1.0,0.3,0,,ThomDe07
277,Kadarius Toney,25,CLE,WR,3,0,2,-4,0,0,0.0,3,-2.0,-1.3,0.7,1,,ToneKa00
278,Ke'Shawn Vaughn,27,SFO,RB,3,0,2,4,0,0,0.0,3,2.0,1.3,0.7,0,,VaugKe00
279,Jordan Whittington,24,LAR,WR,15,3,2,12,0,2,100.0,7,6.0,0.8,0.1,0,,WhitJo04
280,Garrett Wilson,24,NYJ,WR,17,17,2,5,0,1,50.0,5,2.5,0.3,0.1,2,,WilsGa00
281,Bailey Zappe,25,CLE,QB,1,1,2,2,0,0,0.0,3,1.0,2.0,2.0,0,,ZappBa00
282,Kevin Austin,24,NOR,WR,8,2,1,9,0,0,100.0,9,9.0,1.1,0.1,1,,AustKe00
283,Jake Bailey,27,MIA,P,17,0,1,0,0,0,0.0,,0.0,0.0,0.1,1,,BailJa00
284,Dane Belton,24,NYG,S,17,6,1,10,0,1,100.0,10,10.0,0.6,0.1,0,,BeltDa00
285,Kendrick Bourne,29,NWE,WR,12,9,1,6,0,1,100.0,6,6.0,0.5,0.1,0,,BourKe00
286,Tyler Boyd,30,TEN,WR,16,8,1,3,0,1,100.0,3,3.0,0.2,0.1,0,,BoydTy00
287,British Brooks,25,HOU,RB,5,0,1,2,0,0,0.0,2,2.0,0.4,0.2,0,,BrooBr01
288,Keon Coleman,21,BUF,WR,13,12,1,9,0,0,100.0,9,9.0,0.7,0.1,0,,ColeKe02
289,Tyler Conklin,29,NYJ,TE,16,15,1,0,0,0,0.0,,0.0,0.0,0.1,0,,ConkTy00
290,Jacob Cowing,23,SFO,WR,15,0,1,7,0,0,100.0,7,7.0,0.5,0.1,2,,CowiJa00
291,Ashtyn Davis,28,NYJ,S,15,1,1,21,0,1,100.0,21,21.0,1.4,0.1,0,,DaviAs00
292,Jahan Dotson,24,PHI,WR,17,6,1,13,0,1,100.0,13,13.0,0.8,0.1,0,,DotsJa00
293,Josh Downs,23,IND,WR,14,8,1,12,0,0,0.0,13,12.0,0.9,0.1,0,,DownJo00
294,Xavier Gipson,23,NYJ,WR,17,0,1,5,0,1,100.0,5,5.0,0.3,0.1,4,,GipsXa00
295,Chris Godwin,28,TAM,WR,7,7,1,2,0,1,100.0,2,2.0,0.3,0.1,1,,GodwCh00
296,Noah Gray,25,KAN,TE,17,10,1,-4,0,0,0.0,-4,-4.0,-0.2,0.1,0,,GrayNo00
297,Matthew Hayball,27,NOR,P,17,0,1,11,0,1,100.0,11,11.0,0.6,0.1,0,,HaybMa00
298,Jaden Hicks,22,KAN,DB,17,1,1,1,0,0,0.0,1,1.0,0.1,0.1,0,,HickJa01
299,Sam Howell,24,SEA,QB,2,0,1,2,0,0,0.0,2,2.0,1.0,0.5,0,,HoweSa00
300,Tanner Hudson,30,CIN,TE,11,0,1,1,0,1,100.0,1,1.0,0.1,0.1,1,,HudsTa00
301,Jermaine Jackson,24,NOR,WR,4,0,1,-1,0,0,0.0,,-1.0,-0.3,0.3,0,,JackJe01
302,Jha'Quan Jackson,24,TEN,WR,12,0,1,-5,0,0,0.0,,-5.0,-0.4,0.1,5,,JackJh00
303,Justin Jefferson,25,MIN,WR,17,17,1,3,0,0,0.0,3,3.0,0.2,0.1,1,PBAP-1AP OPoY-7,JeffJu00
304,Marcus Jones,26,NWE,CB,14,9,1,5,0,0,100.0,5,5.0,0.4,0.1,2,,JoneMa06
305,Travis Kelce,35,KAN,TE,16,16,1,1,0,0,100.0,1,1.0,0.1,0.1,2,PB,KelcTr00
306,Joshua Kelley,27,TEN,RB,3,0,1,2,0,0,0.0,2,2.0,0.7,0.3,0,,KellJo01
307,Charlie Kolar,25,BAL,TE,13,3,1,2,0,1,100.0,2,2.0,0.2,0.1,0,,KolaCh00
308,Dylan Laube,25,LVR,RB,10,0,1,0,0,0,0.0,,0.0,0.0,0.1,1,,LaubDy00
309,Drake London,23,ATL,WR,17,17,1,-3,0,0,0.0,-3,-3.0,-0.2,0.1,0,,LondDr00
310,Julian Love,26,SEA,FS,17,17,1,2,0,1,100.0,2,2.0,0.1,0.1,0,,LoveJu00
311,Trey McBride,25,ARI,TE,16,16,1,2,1,1,100.0,2,2.0,0.1,0.1,0,PB,McBrTr01
312,David Moore,29,CAR,WR,17,5,1,0,0,0,0.0,,0.0,0.0,0.1,0,,MoorDa03
313,Elijah Moore,24,CLE,WR,17,13,1,1,0,0,0.0,1,1.0,0.1,0.1,0,,MoorEl00
314,Chigoziem Okonkwo,25,TEN,TE,17,11,1,17,0,1,100.0,17,17.0,1.0,0.1,2,,OkonCh00
315,Chris Oladokun,27,KAN,QB,1,0,1,5,0,0,0.0,5,5.0,5.0,1.0,1,,OladCh00
316,Chris Olave,24,NOR,WR,8,8,1,7,0,1,100.0,7,7.0,0.9,0.1,1,,OlavCh00
317,Cade Otton,25,TAM,TE,14,14,1,-4,0,0,0.0,-4,-4.0,-0.3,0.1,2,,OttoCa00
318,Dell Pettus,23,NWE,S,17,1,1,2,0,1,100.0,2,2.0,0.1,0.1,0,,PettDe00
319,Ja'Lynn Polk,22,NWE,WR,15,7,1,0,0,0,0.0,,0.0,0.0,0.1,0,,PolkJa00
320,Jalen Reeves-Maybin,29,DET,LB,10,0,1,1,0,0,0.0,1,1.0,0.1,0.1,0,,ReevJa00
321,Rashee Rice,24,KAN,WR,4,4,1,1,0,1,100.0,1,1.0,0.3,0.3,0,,RiceRa01
322,Drew Sample,28,CIN,TE,17,15,1,-4,0,0,0.0,,-4.0,-0.2,0.1,1,,SampDr00
323,Cody Schrader,25,LAR,RB,1,0,1,3,0,0,0.0,3,3.0,3.0,1.0,0,,SchrCo00
324,JK Scott,29,LAC,P,17,0,1,0,0,0,0.0,,0.0,0.0,0.1,1,,ScotJK00
325,Laviska Shenault Jr.,26,SEA,WR,11,1,1,1,0,0,0.0,1,1.0,0.1,0.1,2,,ShenLa00
326,Steven Sims,27,HOU,WR,7,0,1,0,0,0,0.0,,0.0,0.0,0.1,2,,SimsSt00
327,DeVonta Smith,26,PHI,WR,13,13,1,1,0,0,0.0,1,1.0,0.1,0.1,0,,SmitDe07
328,Tavierre Thomas,28,TAM,CB,17,0,1,-2,0,0,0.0,,-2.0,-0.1,0.1,0,,ThomTa01
329,Skylar Thompson,27,MIA,QB,3,1,1,4,0,0,0.0,4,4.0,1.3,0.3,2,,ThomSk00
330,Cedric Tillman,24,CLE,WR,11,6,1,-5,0,0,0.0,,-5.0,-0.5,0.1,1,,TillCe01
331,Marquez Valdes-Scantling,30,2TM,WR,14,8,1,4,0,0,0.0,4,4.0,0.3,0.1,0,,ValdMa00
331,Marquez Valdes-Scantling,30,BUF,WR,6,0,0,0,0,0,,,,0.0,0.0,0,,ValdMa00
331,Marquez Valdes-Scantling,30,NOR,WR,8,8,1,4,0,0,0.0,4,4.0,0.5,0.1,0,,ValdMa00
332,Michael Wilson,24,ARI,WR,16,13,1,7,0,0,0.0,7,7.0,0.4,0.1,1,,WilsMi02
333,Olamide Zaccheaus,27,WAS,WR,17,6,1,8,0,1,100.0,8,8.0,0.5,0.1,3,,ZaccOl01
334,Davante Adams,32,2TM,WR,14,14,0,0,0,0,,,,0.0,0.0,0,,AdamDa01
334,Davante Adams,32,LVR,WR,3,3,0,0,0,0,,,,0.0,0.0,0,,AdamDa01
334,Davante Adams,32,NYJ,WR,11,11,0,0,0,0,,,,0.0,0.0,0,,AdamDa01
335,Nate Adkins,25,DEN,TE,17,10,0,0,0,0,,,,0.0,0.0,0,,AdkiNa00
336,Nelson Agholor,31,BAL,WR,14,7,0,0,0,0,,,,0.0,0.0,0,,AghoNe00
337,Brandon Aiyuk,26,SFO,WR,7,7,0,0,0,0,,,,0.0,0.0,0,,AiyuBr00
338,Jordan Akins,32,CLE,TE,17,6,0,0,0,0,,,,0.0,0.0,1,,AkinJo00
339,Mo Alie-Cox,31,IND,TE,17,13,0,0,0,0,,,,0.0,0.0,0,,AlieMo00
340,Erick All,24,CIN,TE,9,6,0,0,0,0,,,,0.0,0.0,0,,AllxEr00
341,Davis Allen,23,LAR,TE,15,5,0,0,0,0,,,,0.0,0.0,0,,AlleDa02
342,Keenan Allen,32,CHI,WR,15,15,0,0,0,0,,,,0.0,0.0,1,,AlleKe00
343,Calvin Austin III,25,PIT,WR,17,8,0,0,0,0,,,,0.0,0.0,1,,AustCa00
344,Alex Bachman,28,LVR,WR,6,1,0,0,0,0,,,,0.0,0.0,0,,BachAl00
345,Javon Baker,22,NWE,WR,11,1,0,0,0,0,,,,0.0,0.0,0,,BakeJa00
346,AJ Barner,22,SEA,TE,17,6,0,0,0,0,,,,0.0,0.0,0,,BarnAJ00
347,Rashod Bateman,25,BAL,WR,17,14,0,0,0,0,,,,0.0,0.0,0,,BateRa00
348,Brenden Bates,25,CLE,TE,2,0,0,0,0,0,,,,0.0,0.0,0,,BateBr00
349,John Bates,27,WAS,TE,17,6,0,0,0,0,,,,0.0,0.0,1,,BateJo00
350,Andrew Beck,28,2TM,FB,4,0,0,0,0,0,,,,0.0,0.0,0,,BeckAn01
350,Andrew Beck,28,GNB,FB,3,0,0,0,0,0,,,,0.0,0.0,0,,BeckAn01
350,Andrew Beck,28,HOU,FB,1,0,0,0,0,0,,,,0.0,0.0,0,,BeckAn01
351,Odell Beckham Jr.,32,MIA,WR,9,0,0,0,0,0,,,,0.0,0.0,0,,BeckOd00
352,David Bell,24,CLE,WR,1,0,0,0,0,0,,,,0.0,0.0,0,,BellDa02
353,Jaheim Bell,23,NWE,TE,15,0,0,0,0,0,,,,0.0,0.0,0,,BellJa00
354,Ronnie Bell,24,SFO,WR,9,0,0,0,0,0,,,,0.0,0.0,0,,BellRo01
355,Daniel Bellinger,24,NYG,TE,17,8,0,0,0,0,,,,0.0,0.0,0,,BellDa00
356,Braxton Berrios,29,MIA,WR,6,0,0,0,0,0,,,,0.0,0.0,0,,BerrBr00
357,Chris Blair,27,ATL,WR,4,0,0,0,0,0,,,,0.0,0.0,0,,BlaiCh00
358,Jake Bobo,26,SEA,WR,17,3,0,0,0,0,,,,0.0,0.0,0,,BoboJa00
359,Kayshon Boutte,22,NWE,WR,15,13,0,0,0,0,,,,0.0,0.0,0,,BoutKa00
360,Jake Brendel,32,SFO,C,17,17,0,0,0,0,,,,0.0,0.0,1,,BrenJa01
361,Jalen Brooks,24,DAL,WR,14,1,0,0,0,0,,,,0.0,0.0,0,,BrooJa03
362,A.J. Brown,27,PHI,WR,13,13,0,0,0,0,,,,0.0,0.0,0,AP-2,BrowAJ00
363,Marquise Brown,27,KAN,WR,2,1,0,0,0,0,,,,0.0,0.0,0,,BrowMa04
364,Noah Brown,28,WAS,WR,11,9,0,0,0,0,,,,0.0,0.0,0,,BrowNo00
365,Pharaoh Brown,30,SEA,TE,15,7,0,0,0,0,,,,0.0,0.0,1,,BrowPh01
366,Harrison Bryant,26,LVR,TE,13,3,0,0,0,0,,,,0.0,0.0,0,,BryaHa00
367,Jermaine Burton,23,CIN,WR,14,1,0,0,0,0,,,,0.0,0.0,0,,BurtJe01
368,Grant Calcaterra,26,PHI,TE,17,13,0,0,0,0,,,,0.0,0.0,0,,CalcGr00
369,Mike Caliendo,27,KAN,OL,17,3,0,0,0,0,,,,0.0,0.0,0,,CaliMi00
370,Parris Campbell,27,PHI,WR,5,0,0,0,0,0,,,,0.0,0.0,0,,CampPa00
371,DeAndre Carter,31,CHI,WR,13,0,0,0,0,0,,,,0.0,0.0,1,,CartDe02
372,DJ Chark,28,LAC,WR,7,0,0,0,0,0,,,,0.0,0.0,0,,CharDJ00
373,Irvin Charles,27,NYJ,WR,13,0,0,0,0,0,,,,0.0,0.0,0,,CharIr00
374,Dan Chisena,27,CAR,WR,6,0,0,0,0,0,,,,0.0,0.0,0,,ChisDa00
375,Robbie Chosen,31,MIA,WR,2,0,0,0,0,0,,,,0.0,0.0,0,,AndeRo04
376,Jalen Coker,23,CAR,WR,11,4,0,0,0,0,,,,0.0,0.0,0,,CokeJa01
377,Nico Collins,25,HOU,WR,12,12,0,0,0,0,,,,0.0,0.0,0,PB,CollNi00
378,Chris Conley,32,SFO,WR,15,2,0,0,0,0,,,,0.0,0.0,0,,ConlCh00
379,Tanner Conner,26,MIA,TE,8,1,0,0,0,0,,,,0.0,0.0,0,,ConnTa00
380,Amari Cooper,30,2TM,WR,14,10,0,0,0,0,,,,0.0,0.0,0,,CoopAm00
380,Amari Cooper,30,CLE,WR,6,6,0,0,0,0,,,,0.0,0.0,0,,CoopAm00
380,Amari Cooper,30,BUF,WR,8,4,0,0,0,0,,,,0.0,0.0,0,,CoopAm00
381,Britain Covey,27,PHI,WR,5,1,0,0,0,0,,,,0.0,0.0,0,,CoveBr00
382,River Cracraft,30,MIA,WR,8,0,0,0,0,0,,,,0.0,0.0,0,,CracRi00
383,Jamison Crowder,31,WAS,WR,6,1,0,0,0,0,,,,0.0,0.0,2,,CrowJa00
384,Devin Culp,24,TAM,TE,5,0,0,0,0,0,,,,0.0,0.0,0,,CulpDe00
385,Baylor Cupp,24,KAN,TE,1,0,0,0,0,0,,,,0.0,0.0,0,,CuppBa00
386,Jaelon Darden,25,CLE,WR,7,1,0,0,0,0,,,,0.0,0.0,0,,DardJa00
387,Zach Davidson,26,BUF,TE,2,0,0,0,0,0,,,,0.0,0.0,0,,DaviZa00
388,Gabriel Davis,25,JAX,WR,10,9,0,0,0,0,,,,0.0,0.0,1,,DaviGa01
389,Divine Deablo,26,LVR,LLB,14,14,0,0,0,0,,,,0.0,0.0,0,,DeabDi00
390,Taylor Decker,31,DET,LT,14,14,0,0,0,0,,,,0.0,0.0,0,PB,DeckTa00
391,Josiah Deguara,27,JAX,TE,15,0,0,0,0,0,,,,0.0,0.0,0,,DeguJo00
392,Will Dissly,28,LAC,TE,15,8,0,0,0,0,,,,0.0,0.0,0,,DissWi00
393,Romeo Doubs,24,GNB,WR,13,12,0,0,0,0,,,,0.0,0.0,0,,DoubRo00
394,Grant Dubose,23,MIA,WR,3,0,0,0,0,0,,,,0.0,0.0,0,,DuboGr00
395,Greg Dulcich,24,DEN,TE,4,3,0,0,0,0,,,,0.0,0.0,0,,DulcGr00
396,Payne Durham,24,TAM,TE,16,6,0,0,0,0,,,,0.0,0.0,1,,DurhPa00
397,Ross Dwelley,29,ATL,TE,17,0,0,0,0,0,,,,0.0,0.0,0,,DwelRo00
398,Evan Engram,30,JAX,TE,9,9,0,0,0,0,,,,0.0,0.0,1,,EngrEv00
399,Zach Ertz,34,WAS,TE,17,17,0,0,0,0,,,,0.0,0.0,1,AP CPoY-17,ErtzZa00
400,D'Wayne Eskridge,27,MIA,WR,6,0,0,0,0,0,,,,0.0,0.0,0,,EskrDW00
401,Mike Evans,31,TAM,WR,14,14,0,0,0,0,,,,0.0,0.0,0,PB,EvanMi00
402,Gerald Everett,30,CHI,TE,17,4,0,0,0,0,,,,0.0,0.0,0,,EverGe00
403,Erik Ezukanma,24,MIA,WR,2,0,0,0,0,0,,,,0.0,0.0,0,,EzukEr00
404,Noah Fant,27,SEA,TE,14,9,0,0,0,0,,,,0.0,0.0,0,,FantNo00
405,Luke Farrell,27,JAX,TE,17,8,0,0,0,0,,,,0.0,0.0,0,,FarrLu00
406,Simi Fehoko,27,LAC,WR,8,2,0,0,0,0,,,,0.0,0.0,0,,FehoSi00
407,Jake Ferguson,25,DAL,TE,14,14,0,0,0,0,,,,0.0,0.0,4,,FergJa00
408,Tucker Fisk,25,LAC,TE,9,5,0,0,0,0,,,,0.0,0.0,0,,FiskTu00
409,John FitzPatrick,24,GNB,TE,9,0,0,0,0,0,,,,0.0,0.0,0,,FitzJo00
410,Ryan Flournoy,25,DAL,WR,11,1,0,0,0,0,,,,0.0,0.0,1,,FlouRy00
411,Jody Fortson,29,KAN,TE,3,0,0,0,0,0,,,,0.0,0.0,0,,FortJo01
412,Sam Franklin,28,CAR,S,10,0,0,0,0,0,,,,0.0,0.0,0,,FranSa00
413,Feleipe Franks,27,CAR,TE,16,0,0,0,0,0,,,,0.0,0.0,0,,FranFe00
414,Zach Frazier,23,PIT,C,15,15,0,0,0,0,,,,0.0,0.0,1,,FrazZa00
415,Pat Freiermuth,26,PIT,TE,17,11,0,0,0,0,,,,0.0,0.0,3,,FreiPa00
416,Mike Gesicki,29,CIN,TE,17,3,0,0,0,0,,,,0.0,0.0,1,,GesiMi00
417,Dallas Goedert,29,PHI,TE,10,10,0,0,0,0,,,,0.0,0.0,2,,GoedDa00
418,C.J. Goodwin,34,DAL,CB,17,0,0,0,0,0,,,,0.0,0.0,0,,GoodC.00
419,Anthony Gould,23,IND,WR,8,0,0,0,0,0,,,,0.0,0.0,0,,GoulAn00
420,Cam Grandy,24,CIN,TE,8,6,0,0,0,0,,,,0.0,0.0,0,,GranCa00
421,Kylen Granson,26,IND,TE,17,6,0,0,0,0,,,,0.0,0.0,0,,GranKy00
422,Marvin Harrison Jr.,22,ARI,WR,17,16,0,0,0,0,,,,0.0,0.0,1,,HarrMa09
423,Malik Heath,24,GNB,WR,13,1,0,0,0,0,,,,0.0,0.0,0,,HeatMa00
424,Peyton Hendershot,25,KAN,TE,7,1,0,0,0,0,,,,0.0,0.0,0,,HendPe01
425,Hunter Henry,30,NWE,TE,16,16,0,0,0,0,,,,0.0,0.0,0,,HenrHu00
426,Connor Heyward,25,PIT,TE,17,5,0,0,0,0,,,,0.0,0.0,0,,HeywCo00
427,Tyler Higbee,31,LAR,TE,3,3,0,0,0,0,,,,0.0,0.0,0,,HigbTy00
428,Elijah Higgins,24,ARI,TE,17,6,0,0,0,0,,,,0.0,0.0,0,,HiggEl00
429,Tee Higgins,25,CIN,WR,12,9,0,0,0,0,,,,0.0,0.0,1,,HiggTe00
430,Julian Hill,24,MIA,TE,16,11,0,0,0,0,,,,0.0,0.0,1,,HillJu02
431,T.J. Hockenson,27,MIN,TE,10,9,0,0,0,0,,,,0.0,0.0,0,AP CPoY-19,HockTJ00
432,KhaDarel Hodge,29,ATL,WR,17,2,0,0,0,0,,,,0.0,0.0,0,PB,HodgKh00
433,Isaiah Hodgins,26,NYG,WR,3,0,0,0,0,0,,,,0.0,0.0,0,,HodgIs00
434,Dallin Holker,24,NOR,TE,12,2,0,0,0,0,,,,0.0,0.0,0,,HolkDa00
435,Mack Hollins,31,BUF,WR,17,13,0,0,0,0,,,,0.0,0.0,0,,HollMa00
436,Austin Hooper,30,NWE,TE,17,8,0,0,0,0,,,,0.0,0.0,2,,HoopAu00
437,DeAndre Hopkins,32,2TM,WR,16,8,0,0,0,0,,,,0.0,0.0,1,,HopkDe00
437,DeAndre Hopkins,32,TEN,WR,6,3,0,0,0,0,,,,0.0,0.0,1,,HopkDe00
437,DeAndre Hopkins,32,KAN,WR,10,5,0,0,0,0,,,,0.0,0.0,0,,HopkDe00
438,Sam Hubbard,29,CIN,LDE,14,14,0,0,0,0,,,,0.0,0.0,0,,HubbSa00
439,Lil'Jordan Humphrey,26,DEN,WR,17,7,0,0,0,0,,,,0.0,0.0,2,,HumpLi01
440,Hayden Hurst,31,LAC,TE,9,2,0,0,0,0,,,,0.0,0.0,0,,HursHa00
441,Xavier Hutchinson,24,HOU,WR,16,3,0,0,0,0,,,,0.0,0.0,0,,HutcXa00
442,Jalin Hyatt,23,NYG,WR,16,3,0,0,0,0,,,,0.0,0.0,0,,HyatJa00
443,Andrei Iosivas,25,CIN,WR,17,8,0,0,0,0,,,,0.0,0.0,0,,IosiAn00
444,Trenton Irwin,29,CIN,WR,7,2,0,0,0,0,,,,0.0,0.0,0,,IrwiTr00
445,Rakim Jarrett,23,TAM,WR,10,2,0,0,0,0,,,,0.0,0.0,0,,JarrRa00
446,Van Jefferson,28,PIT,WR,17,12,0,0,0,0,,,,0.0,0.0,0,,JeffVa00
447,E.J. Jenkins,26,PHI,TE,8,0,0,0,0,0,,,,0.0,0.0,0,,JenkEJ00
448,Jauan Jennings,27,SFO,WR,15,10,0,0,0,0,,,,0.0,0.0,1,,JennJa00
449,Jerry Jeudy,25,CLE,WR,17,16,0,0,0,0,,,,0.0,0.0,0,PB,JeudJe00
450,Brandon Johnson,26,PIT,WR,3,0,0,0,0,0,,,,0.0,0.0,0,,JohnBr23
451,Collin Johnson,27,CHI,WR,9,0,0,0,0,0,,,,0.0,0.0,0,,JohnCo01
452,Juwan Johnson,28,NOR,TE,17,5,0,0,0,0,,,,0.0,0.0,2,,JohnJu02
453,Theo Johnson,23,NYG,TE,12,11,0,0,0,0,,,,0.0,0.0,0,,JohnTh00
454,Tyler Johnson,26,LAR,WR,15,2,0,0,0,0,,,,0.0,0.0,0,,JohnTy00
455,Charlie Jones,26,CIN,WR,8,0,0,0,0,0,,,,0.0,0.0,2,,JoneCh11
456,Tim Jones,26,JAX,WR,17,0,0,0,0,0,,,,0.0,0.0,0,,JoneTi00
457,Zay Jones,29,ARI,WR,11,2,0,0,0,0,,,,0.0,0.0,0,,JoneZa00
458,Brevin Jordan,24,HOU,TE,2,1,0,0,0,0,,,,0.0,0.0,0,,JordBr00
459,Tom Kennedy,28,DET,WR,4,0,0,0,0,0,,,,0.0,0.0,0,,KennTo01
460,Ramel Keyton,24,LVR,WR,8,0,0,0,0,0,,,,0.0,0.0,0,,KeytRa00
461,Dalton Kincaid,25,BUF,TE,13,9,0,0,0,0,,,,0.0,0.0,1,,KincDa00
462,Mason Kinsey,26,TEN,WR,6,0,0,0,0,0,,,,0.0,0.0,0,,KinsMa00
463,Christian Kirk,28,JAX,WR,8,7,0,0,0,0,,,,0.0,0.0,0,,KirkCh01
464,George Kittle,31,SFO,TE,15,15,0,0,0,0,,,,0.0,0.0,0,PBAP-2AP OPoY-11,KittGe00
465,Cole Kmet,25,CHI,TE,17,16,0,0,0,0,,,,0.0,0.0,0,,KmetCo00
466,Dawson Knox,28,BUF,TE,16,13,0,0,0,0,,,,0.0,0.0,0,,KnoxDa00
467,Lucas Krull,26,DEN,TE,13,2,0,0,0,0,,,,0.0,0.0,0,,KrulLu00
468,Sam LaPorta,23,DET,TE,16,16,0,0,0,0,,,,0.0,0.0,0,,LaPoSa01
469,JC Latham,21,TEN,LT,17,17,0,0,0,0,,,,0.0,0.0,0,,LathJC00
470,Allen Lazard,29,NYJ,WR,12,10,0,0,0,0,,,,0.0,0.0,0,,LazaAl00
471,Marcedes Lewis,40,CHI,TE,17,4,0,0,0,0,,,,0.0,0.0,0,,LewiMa00
472,Isaiah Likely,24,BAL,TE,16,9,0,0,0,0,,,,0.0,0.0,1,,LikeIs00
473,Tyler Lockett,32,SEA,WR,17,14,0,0,0,0,,,,0.0,0.0,0,,LockTy00
474,Hunter Long,26,LAR,TE,17,2,0,0,0,0,,,,0.0,0.0,0,,LongHu00
475,Vederian Lowe,25,NWE,LT,14,13,0,0,0,0,,,,0.0,0.0,0,,LoweVe00
476,Will Mallory,25,IND,TE,10,0,0,0,0,0,,,,0.0,0.0,0,,MallWi00
477,Chris Manhertz,32,NYG,TE,17,11,0,0,0,0,,,,0.0,0.0,0,,ManhCh00
478,Terrace Marshall Jr.,24,LVR,WR,7,1,0,0,0,0,,,,0.0,0.0,0,,MarsTe00
479,Tay Martin,27,TEN,WR,1,0,0,0,0,0,,,,0.0,0.0,0,,MartTa00
480,David Martin-Robinson,25,TEN,TE,5,2,0,0,0,0,,,,0.0,0.0,0,,MartDa01
481,Scott Matlock,24,LAC,FB/DL,17,11,0,0,0,0,,,,0.0,0.0,0,,MatlSc00
482,Jordan Matthews,32,CAR,TE,4,1,0,0,0,0,,,,0.0,0.0,0,,MattJo00
483,Michael Mayer,23,LVR,TE,11,8,0,0,0,0,,,,0.0,0.0,0,,MayeMi00
484,Luke McCaffrey,23,WAS,WR,17,4,0,0,0,0,,,,0.0,0.0,0,,McCaLu00
485,Ladd McConkey,23,LAC,WR,16,14,0,0,0,0,,,,0.0,0.0,2,AP ORoY-9,McCoLa00
486,Bub Means,23,NOR,WR,7,1,0,0,0,0,,,,0.0,0.0,0,,MeanBu00
487,D.K. Metcalf,27,SEA,WR,15,12,0,0,0,0,,,,0.0,0.0,2,,MetcDK00
488,John Metchie,24,HOU,WR,13,3,0,0,0,0,,,,0.0,0.0,1,,MetcJo00
489,Anthony Miller,30,BAL,WR,2,0,0,0,0,0,,,,0.0,0.0,0,,MillAn02
490,Ryan Miller,24,TAM,WR,11,3,0,0,0,0,,,,0.0,0.0,0,,MillRy01
491,Scott Miller,27,PIT,WR,13,1,0,0,0,0,,,,0.0,0.0,0,,MillSc01
492,Darnell Mooney,27,ATL,WR,16,16,0,0,0,0,,,,0.0,0.0,0,,MoonDa00
493,Skyy Moore,24,KAN,WR,6,0,0,0,0,0,,,,0.0,0.0,0,,MoorSk01
494,Foster Moreau,27,NOR,TE,17,17,0,0,0,0,,,,0.0,0.0,0,,MoreFo00
495,Quintin Morris,25,BUF,TE,16,3,0,0,0,0,,,,0.0,0.0,0,,MorrQu00
496,Wanya Morris,24,KAN,LT,17,11,0,0,0,0,,,,0.0,0.0,0,,MorrWa01
497,Johnny Mundt,30,MIN,TE,17,3,0,0,0,0,,,,0.0,0.0,0,,MundJo00
498,Luke Musgrave,24,GNB,TE,7,3,0,0,0,0,,,,0.0,0.0,0,,MusgLu00
499,David Njoku,28,CLE,TE,11,11,0,0,0,0,,,,0.0,0.0,0,,NjokDa00
500,Andrew Ogletree,26,IND,TE,17,6,0,0,0,0,,,,0.0,0.0,0,,OgleAn00
501,Bryce Oliver,24,TEN,WR,10,1,0,0,0,0,,,,0.0,0.0,0,,OlivBr02
502,Josh Oliver,27,MIN,TE,15,12,0,0,0,0,,,,0.0,0.0,0,,OlivJo00
503,K.J. Osborn,27,NWE,WR,7,4,0,0,0,0,,,,0.0,0.0,0,,OsboKJ00
504,Josh Palmer,25,LAC,WR,15,7,0,0,0,0,,,,0.0,0.0,0,,PalmJo00
505,Trey Palmer,23,TAM,WR,15,3,0,0,0,0,,,,0.0,0.0,1,,PalmTr00
506,Colby Parkinson,25,LAR,TE,17,9,0,0,0,0,,,,0.0,0.0,0,,ParkCo02
507,Tim Patrick,31,DET,WR,16,9,0,0,0,0,,,,0.0,0.0,0,AP CPoY-6,PatrTi00
508,Dante Pettis,29,NOR,WR,8,0,0,0,0,0,,,,0.0,0.0,0,,PettDa00
509,Alec Pierce,24,IND,WR,16,13,0,0,0,0,,,,0.0,0.0,0,,PierAl00
510,James Pierre,28,PIT,CB,15,2,0,0,0,0,,,,0.0,0.0,0,,PierJa01
511,Michael Pittman Jr.,27,IND,WR,16,14,0,0,0,0,,,,0.0,0.0,1,,PittMi01
512,Kyle Pitts,24,ATL,TE,17,15,0,0,0,0,,,,0.0,0.0,0,,PittKy00
513,Brandon Powell,29,MIN,WR,17,1,0,0,0,0,,,,0.0,0.0,1,,PoweBr00
514,Adam Prentice,27,NOR,FB,17,7,0,0,0,0,,,,0.0,0.0,0,,PrenAd00
515,James Proche,28,CLE,WR,9,0,0,0,0,0,,,,0.0,0.0,1,,ProcJa00
516,MyCole Pruitt,32,PIT,TE,12,5,0,0,0,0,,,,0.0,0.0,0,,PruiMy00
517,Kendric Pryor,26,CIN,WR,1,0,0,0,0,0,,,,0.0,0.0,0,,PryoKe00
518,Dominick Puni,24,SFO,RG,17,17,0,0,0,0,,,,0.0,0.0,0,,PuniDo00
519,Tip Reiman,23,ARI,TE,17,9,0,0,0,0,,,,0.0,0.0,0,,ReimTi00
520,Nikko Remigio,25,KAN,WR,5,1,0,0,0,0,,,,0.0,0.0,1,,RemiNi00
521,Josh Reynolds,29,2TM,WR,9,2,0,0,0,0,,,,0.0,0.0,0,,ReynJo00
521,Josh Reynolds,29,DEN,WR,5,1,0,0,0,0,,,,0.0,0.0,0,,ReynJo00
521,Josh Reynolds,29,JAX,WR,4,1,0,0,0,0,,,,0.0,0.0,0,,ReynJo00
522,Patrick Ricard,30,BAL,FB,17,6,0,0,0,0,,,,0.0,0.0,0,PBAP-1,RicaPa00
523,Allen Robinson,31,DET,WR,12,0,0,0,0,0,,,,0.0,0.0,0,,RobiAl02
524,Demarcus Robinson,30,LAR,WR,17,17,0,0,0,0,,,,0.0,0.0,0,,RobiDe01
525,John Ross,29,PHI,WR,1,0,0,0,0,0,,,,0.0,0.0,0,,RossJo00
526,Justyn Ross,25,KAN,WR,2,0,0,0,0,0,,,,0.0,0.0,0,,RossJu00
527,Jeremy Ruckert,24,NYJ,TE,17,9,0,0,0,0,,,,0.0,0.0,0,,RuckJe00
528,Ja'Tavion Sanders,21,CAR,TE,16,8,0,0,0,0,,,,0.0,0.0,1,,SandJa01
529,Eric Saubert,30,SFO,TE,17,3,0,0,0,0,,,,0.0,0.0,1,,SaubEr00
530,Luke Schoonmaker,26,DAL,TE,17,6,0,0,0,0,,,,0.0,0.0,0,,SchoLu00
531,Dalton Schultz,28,HOU,TE,17,13,0,0,0,0,,,,0.0,0.0,0,,SchuDa00
532,Trenton Scott,30,WAS,T,17,1,0,0,0,0,,,,0.0,0.0,0,,ScotTr01
533,Tyler Scott,23,CHI,WR,11,0,0,0,0,0,,,,0.0,0.0,0,,ScotTy00
534,Tyrell Shavers,25,BUF,WR,3,0,0,0,0,0,,,,0.0,0.0,0,,ShavTy00
535,John Samuel Shenker,26,LVR,TE,8,0,0,0,0,0,,,,0.0,0.0,0,,ShenJo00
536,Trent Sherfield,28,MIN,WR,17,1,0,0,0,0,,,,0.0,0.0,0,,SherTr00
537,Ben Sims,24,GNB,TE,17,5,0,0,0,0,,,,0.0,0.0,0,,SimsBe00
538,Ben Sinnott,22,WAS,TE,17,2,0,0,0,0,,,,0.0,0.0,0,,SinnBe00
539,Dan Skipper,30,DET,T,17,5,0,0,0,0,,,,0.0,0.0,0,,SkipDa00
540,Ben Skowronek,27,PIT,WR,10,1,0,0,0,0,,,,0.0,0.0,0,,SkowBe00
541,Stone Smartt,26,LAC,TE,15,2,0,0,0,0,,,,0.0,0.0,1,,SmarSt00
542,Tyler Smith,23,DAL,LG,16,16,0,0,0,0,,,,0.0,0.0,0,PB,SmitTy02
543,JuJu Smith-Schuster,28,KAN,WR,14,8,0,0,0,0,,,,0.0,0.0,0,,SmitJu00
544,Durham Smythe,29,MIA,TE,17,4,0,0,0,0,,,,0.0,0.0,0,,SmytDu00
545,Brevyn Spann-Ford,25,DAL,TE,17,0,0,0,0,0,,,,0.0,0.0,0,,SpanBr00
546,Jack Stoll,26,PHI,TE,7,2,0,0,0,0,,,,0.0,0.0,0,,StolJa00
547,Cade Stover,24,HOU,TE,15,9,0,0,0,0,,,,0.0,0.0,0,,StovCa00
548,Brenton Strange,24,JAX,TE,17,10,0,0,0,0,,,,0.0,0.0,1,,StraBr00
549,Stephen Sullivan,28,CAR,TE,1,0,0,0,0,0,,,,0.0,0.0,0,,SullSt00
550,Courtland Sutton,29,DEN,WR,17,13,0,0,0,0,,,,0.0,0.0,1,,SuttCo00
551,Geoff Swaim,31,CLE,TE,8,2,0,0,0,0,,,,0.0,0.0,0,,SwaiGe00
552,Trent Taylor,30,SFO,WR,2,0,0,0,0,0,,,,0.0,0.0,0,,TaylTr02
553,Adam Thielen,34,CAR,WR,10,10,0,0,0,0,,,,0.0,0.0,0,,ThieAd00
554,Ian Thomas,28,CAR,TE,5,2,0,0,0,0,,,,0.0,0.0,0,,ThomIa00
555,Juanyeh Thomas,24,DAL,S,13,0,0,0,0,0,,,,0.0,0.0,0,,ThomJu03
556,Tyquan Thornton,24,NWE,WR,6,1,0,0,0,0,,,,0.0,0.0,0,,ThorTy00
557,Jamari Thrash,24,CLE,WR,9,0,0,0,0,0,,,,0.0,0.0,0,,ThraJa01
558,Mason Tipton,24,NOR,WR,11,1,0,0,0,0,,,,0.0,0.0,0,,TiptMa00
559,Jalen Tolbert,25,DAL,WR,17,15,0,0,0,0,,,,0.0,0.0,0,,TolbJa00
560,Eric Tomlinson,32,LAC,TE,9,1,0,0,0,0,,,,0.0,0.0,0,,TomlEr01
561,Austin Trammell,26,JAX,WR,1,0,0,0,0,0,,,,0.0,0.0,1,,TramAu00
562,Adam Trautman,27,DEN,TE,17,14,0,0,0,0,,,,0.0,0.0,0,,TrauAd00
563,Brycen Tremayne,25,WAS,WR,2,0,0,0,0,0,,,,0.0,0.0,0,,TremBr00
564,Tommy Tremble,24,CAR,TE,12,11,0,0,0,0,,,,0.0,0.0,1,,TremTo00
565,Nick Vannett,31,TEN,TE,17,10,0,0,0,0,,,,0.0,0.0,0,,VannNi00
566,Ben VanSumeren,24,PHI,LB,11,1,0,0,0,0,,,,0.0,0.0,0,,VanSBe00
567,Devaughn Vele,27,DEN,WR,13,7,0,0,0,0,,,,0.0,0.0,0,,VeleDe00
568,Devontez Walker,23,BAL,WR,9,0,0,0,0,0,,,,0.0,0.0,0,,WalkDe01
569,Tylan Wallace,25,BAL,WR,17,0,0,0,0,0,,,,0.0,0.0,1,,WallTy00
570,Casey Washington,23,ATL,WR,8,0,0,0,0,0,,,,0.0,0.0,0,,WashCa01
571,Darnell Washington,23,PIT,TE,17,9,0,0,0,0,,,,0.0,0.0,0,,WashDa03
572,Parker Washington,22,JAX,WR,17,7,0,0,0,0,,,,0.0,0.0,2,,WashPa01
573,Justin Watson,28,KAN,WR,17,7,0,0,0,0,,,,0.0,0.0,0,,WatsJu01
574,Xavier Weaver,24,ARI,WR,2,0,0,0,0,0,,,,0.0,0.0,0,,WeavXa00
575,Nick Westbrook-Ikhine,27,TEN,WR,17,9,0,0,0,0,,,,0.0,0.0,0,,WestNi00
576,Cody White,26,SEA,WR,4,0,0,0,0,0,,,,0.0,0.0,0,,WhitCo05
577,Blake Whiteheart,24,CLE,TE,11,2,0,0,0,0,,,,0.0,0.0,0,,WhitBl01
578,Josh Whyle,25,TEN,TE,17,4,0,0,0,0,,,,0.0,0.0,0,,WhylJo01
579,Dontayvion Wicks,23,GNB,WR,17,5,0,0,0,0,,,,0.0,0.0,0,,WickDo00
580,Jared Wiley,24,KAN,TE,7,2,0,0,0,0,,,,0.0,0.0,0,,WileJa00
581,Kristian Wilkerson,27,LVR,WR,3,0,0,0,0,0,,,,0.0,0.0,0,,WilkKr00
582,Isaiah Williams,23,DET,WR,2,0,0,0,0,0,,,,0.0,0.0,0,,WillIs03
583,Mike Williams,30,2TM,WR,18,5,0,0,0,0,,,,0.0,0.0,0,,WillMi07
583,Mike Williams,30,NYJ,WR,9,3,0,0,0,0,,,,0.0,0.0,0,,WillMi07
583,Mike Williams,30,PIT,WR,9,2,0,0,0,0,,,,0.0,0.0,0,,WillMi07
584,Brayden Willis,25,SFO,TE,10,0,0,0,0,0,,,,0.0,0.0,0,,WillBr06
585,Cedrick Wilson Jr.,29,NOR,WR,15,4,0,0,0,0,,,,0.0,0.0,1,,WilsCe01
586,Johnny Wilson,23,PHI,WR,16,4,0,0,0,0,,,,0.0,0.0,0,,WilsJo03
587,Tristan Wirfs,25,TAM,LT,16,16,0,0,0,0,,,,0.0,0.0,1,PBAP-1,WirfTr00
588,Charlie Woerner,27,ATL,TE,16,5,0,0,0,0,,,,0.0,0.0,0,,WoerCh00
589,Michael Woods II,24,CLE,WR,5,2,0,0,0,0,,,,0.0,0.0,0,,WoodMi00
590,Robert Woods,32,HOU,WR,15,4,0,0,0,0,,,,0.0,0.0,3,,WoodRo02
591,Brock Wright,26,DET,TE,17,8,0,0,0,0,,,,0.0,0.0,0,,WrigBr01
592,Kenny Yeboah,26,NYJ,TE,9,1,0,0,0,0,,,,0.0,0.0,0,,YeboKe00
593,Dareke Young,25,SEA,WR,14,0,0,0,0,0,,,,0.0,0.0,0,,YounDa02
594,Shane Zylstra,28,DET,TE,12,1,0,0,0,0,,,,0.0,0.0,0,,ZylsSh00
,League Average,,,,,,,,,,49.6,,4.4,9.1,2.1,,,-9999